Cycle start time,Cycle end time,Cycle timezone,Question text,Answered yes,Notes
2025-06-04 23:05:06,2025-06-05 23:33:54,UTC+01:00,Traveled on a plane?,false,
2025-06-04 23:05:06,2025-06-05 23:33:54,UTC+01:00,Have any alcoholic drinks?,false,
2025-06-04 23:05:06,2025-06-05 23:33:54,UTC+01:00,Consumed caffeine?,false,
2025-06-04 23:05:06,2025-06-05 23:33:54,UTC+01:00,Avoided processed foods?,false,
2025-06-04 23:05:06,2025-06-05 23:33:54,UTC+01:00,Viewed a screen device in bed?,false,
2025-06-04 23:05:06,2025-06-05 23:33:54,UTC+01:00,Had a hot flash while sleeping?,false,
2025-06-04 23:05:06,2025-06-05 23:33:54,UTC+01:00,Followed an intermittent fasting diet?,false,
2025-06-04 23:05:06,2025-06-05 23:33:54,UTC+01:00,Journaled your thoughts?,false,
2025-06-04 23:05:06,2025-06-05 23:33:54,UTC+01:00,Ate food close to bedtime?,false,
2025-06-04 23:05:06,2025-06-05 23:33:54,UTC+01:00,Read (non-screened device) while in bed?,false,
2025-06-04 23:05:06,2025-06-05 23:33:54,UTC+01:00,Shared your bed?,false,
2025-06-04 23:05:06,2025-06-05 23:33:54,UTC+01:00,Slept in the same bed as usual?,false,
2025-06-04 23:05:06,2025-06-05 23:33:54,UTC+01:00,Snacked in between meals?,false,
2025-06-04 23:05:06,2025-06-05 23:33:54,UTC+01:00,Experienced stress?,false,
2025-06-04 23:05:06,2025-06-05 23:33:54,UTC+01:00,Did Zone 2 cardio?,false,
2025-02-21 23:09:06,2025-02-23 00:39:43,UTCZ,Traveled on a plane?,false,
2025-02-21 23:09:06,2025-02-23 00:39:43,UTCZ,Have any alcoholic drinks?,false,
2025-02-21 23:09:06,2025-02-23 00:39:43,UTCZ,Consumed caffeine?,false,
2025-02-21 23:09:06,2025-02-23 00:39:43,UTCZ,Avoided processed foods?,false,
2025-02-21 23:09:06,2025-02-23 00:39:43,UTCZ,Viewed a screen device in bed?,false,
2025-02-21 23:09:06,2025-02-23 00:39:43,UTCZ,Had a hot flash while sleeping?,false,
2025-02-21 23:09:06,2025-02-23 00:39:43,UTCZ,Followed an intermittent fasting diet?,false,
2025-02-21 23:09:06,2025-02-23 00:39:43,UTCZ,Journaled your thoughts?,false,
2025-02-21 23:09:06,2025-02-23 00:39:43,UTCZ,Ate food close to bedtime?,false,
2025-02-21 23:09:06,2025-02-23 00:39:43,UTCZ,Read (non-screened device) while in bed?,false,
2025-02-21 23:09:06,2025-02-23 00:39:43,UTCZ,Shared your bed?,false,
2025-02-21 23:09:06,2025-02-23 00:39:43,UTCZ,Slept in the same bed as usual?,false,
2025-02-21 23:09:06,2025-02-23 00:39:43,UTCZ,Snacked in between meals?,false,
2025-02-21 23:09:06,2025-02-23 00:39:43,UTCZ,Experienced stress?,false,
2025-02-21 23:09:06,2025-02-23 00:39:43,UTCZ,Did Zone 2 cardio?,false,
2024-07-24 23:58:52,2024-07-25 23:56:18,UTC+01:00,Traveled on a plane?,false,
2024-07-24 23:58:52,2024-07-25 23:56:18,UTC+01:00,Have any alcoholic drinks?,false,
2024-07-24 23:58:52,2024-07-25 23:56:18,UTC+01:00,Consumed caffeine?,false,
2024-07-24 23:58:52,2024-07-25 23:56:18,UTC+01:00,Avoided processed foods?,false,
2024-07-24 23:58:52,2024-07-25 23:56:18,UTC+01:00,Viewed a screen device in bed?,false,
2024-07-24 23:58:52,2024-07-25 23:56:18,UTC+01:00,Had a hot flash while sleeping?,false,
2024-07-24 23:58:52,2024-07-25 23:56:18,UTC+01:00,Followed an intermittent fasting diet?,false,
2024-07-24 23:58:52,2024-07-25 23:56:18,UTC+01:00,Journaled your thoughts?,false,
2024-07-24 23:58:52,2024-07-25 23:56:18,UTC+01:00,Ate food close to bedtime?,false,
2024-07-24 23:58:52,2024-07-25 23:56:18,UTC+01:00,Read (non-screened device) while in bed?,false,
2024-07-24 23:58:52,2024-07-25 23:56:18,UTC+01:00,Shared your bed?,true,
2024-07-24 23:58:52,2024-07-25 23:56:18,UTC+01:00,Slept in the same bed as usual?,false,
2024-07-24 23:58:52,2024-07-25 23:56:18,UTC+01:00,Snacked in between meals?,false,
2024-07-24 23:58:52,2024-07-25 23:56:18,UTC+01:00,Experienced stress?,false,
2024-07-24 23:58:52,2024-07-25 23:56:18,UTC+01:00,Did Zone 2 cardio?,false,
2024-07-06 00:55:13,2024-07-07 00:16:19,UTC+01:00,Traveled on a plane?,false,
2024-07-06 00:55:13,2024-07-07 00:16:19,UTC+01:00,Have any alcoholic drinks?,false,
2024-07-06 00:55:13,2024-07-07 00:16:19,UTC+01:00,Consumed caffeine?,false,
2024-07-06 00:55:13,2024-07-07 00:16:19,UTC+01:00,Avoided processed foods?,false,
2024-07-06 00:55:13,2024-07-07 00:16:19,UTC+01:00,Viewed a screen device in bed?,false,
2024-07-06 00:55:13,2024-07-07 00:16:19,UTC+01:00,Had a hot flash while sleeping?,false,
2024-07-06 00:55:13,2024-07-07 00:16:19,UTC+01:00,Followed an intermittent fasting diet?,false,
2024-07-06 00:55:13,2024-07-07 00:16:19,UTC+01:00,Journaled your thoughts?,false,
2024-07-06 00:55:13,2024-07-07 00:16:19,UTC+01:00,Ate food close to bedtime?,false,
2024-07-06 00:55:13,2024-07-07 00:16:19,UTC+01:00,Read (non-screened device) while in bed?,false,
2024-07-06 00:55:13,2024-07-07 00:16:19,UTC+01:00,Shared your bed?,true,
2024-07-06 00:55:13,2024-07-07 00:16:19,UTC+01:00,Slept in the same bed as usual?,false,
2024-07-06 00:55:13,2024-07-07 00:16:19,UTC+01:00,Snacked in between meals?,false,
2024-07-06 00:55:13,2024-07-07 00:16:19,UTC+01:00,Experienced stress?,false,
2024-07-06 00:55:13,2024-07-07 00:16:19,UTC+01:00,Did Zone 2 cardio?,false,
2024-07-03 23:37:49,2024-07-04 23:36:44,UTC+01:00,Traveled on a plane?,false,
2024-07-03 23:37:49,2024-07-04 23:36:44,UTC+01:00,Have any alcoholic drinks?,false,
2024-07-03 23:37:49,2024-07-04 23:36:44,UTC+01:00,Consumed caffeine?,false,
2024-07-03 23:37:49,2024-07-04 23:36:44,UTC+01:00,Avoided processed foods?,false,
2024-07-03 23:37:49,2024-07-04 23:36:44,UTC+01:00,Viewed a screen device in bed?,false,
2024-07-03 23:37:49,2024-07-04 23:36:44,UTC+01:00,Had a hot flash while sleeping?,false,
2024-07-03 23:37:49,2024-07-04 23:36:44,UTC+01:00,Followed an intermittent fasting diet?,false,
2024-07-03 23:37:49,2024-07-04 23:36:44,UTC+01:00,Journaled your thoughts?,false,
2024-07-03 23:37:49,2024-07-04 23:36:44,UTC+01:00,Ate food close to bedtime?,false,
2024-07-03 23:37:49,2024-07-04 23:36:44,UTC+01:00,Read (non-screened device) while in bed?,false,
2024-07-03 23:37:49,2024-07-04 23:36:44,UTC+01:00,Shared your bed?,true,
2024-07-03 23:37:49,2024-07-04 23:36:44,UTC+01:00,Slept in the same bed as usual?,false,
2024-07-03 23:37:49,2024-07-04 23:36:44,UTC+01:00,Snacked in between meals?,false,
2024-07-03 23:37:49,2024-07-04 23:36:44,UTC+01:00,Experienced stress?,false,
2024-07-03 23:37:49,2024-07-04 23:36:44,UTC+01:00,Did Zone 2 cardio?,false,
2024-06-28 00:59:30,2024-06-29 00:07:03,UTC+01:00,Traveled on a plane?,false,
2024-06-28 00:59:30,2024-06-29 00:07:03,UTC+01:00,Have any alcoholic drinks?,false,
2024-06-28 00:59:30,2024-06-29 00:07:03,UTC+01:00,Consumed caffeine?,false,
2024-06-28 00:59:30,2024-06-29 00:07:03,UTC+01:00,Avoided processed foods?,false,
2024-06-28 00:59:30,2024-06-29 00:07:03,UTC+01:00,Viewed a screen device in bed?,false,
2024-06-28 00:59:30,2024-06-29 00:07:03,UTC+01:00,Had a hot flash while sleeping?,false,
2024-06-28 00:59:30,2024-06-29 00:07:03,UTC+01:00,Followed an intermittent fasting diet?,false,
2024-06-28 00:59:30,2024-06-29 00:07:03,UTC+01:00,Journaled your thoughts?,false,
2024-06-28 00:59:30,2024-06-29 00:07:03,UTC+01:00,Ate food close to bedtime?,false,
2024-06-28 00:59:30,2024-06-29 00:07:03,UTC+01:00,Read (non-screened device) while in bed?,false,
2024-06-28 00:59:30,2024-06-29 00:07:03,UTC+01:00,Shared your bed?,true,
2024-06-28 00:59:30,2024-06-29 00:07:03,UTC+01:00,Slept in the same bed as usual?,false,
2024-06-28 00:59:30,2024-06-29 00:07:03,UTC+01:00,Snacked in between meals?,false,
2024-06-28 00:59:30,2024-06-29 00:07:03,UTC+01:00,Experienced stress?,false,
2024-06-28 00:59:30,2024-06-29 00:07:03,UTC+01:00,Did Zone 2 cardio?,false,
2024-01-08 22:28:35,2024-01-10 00:47:18,UTCZ,Traveled on a plane?,false,
2024-01-08 22:28:35,2024-01-10 00:47:18,UTCZ,Have any alcoholic drinks?,false,
2024-01-08 22:28:35,2024-01-10 00:47:18,UTCZ,Consumed caffeine?,true,
2024-01-08 22:28:35,2024-01-10 00:47:18,UTCZ,Avoided processed foods?,true,
2024-01-08 22:28:35,2024-01-10 00:47:18,UTCZ,Viewed a screen device in bed?,false,
2024-01-08 22:28:35,2024-01-10 00:47:18,UTCZ,Had a hot flash while sleeping?,false,
2024-01-08 22:28:35,2024-01-10 00:47:18,UTCZ,Followed an intermittent fasting diet?,true,
2024-01-08 22:28:35,2024-01-10 00:47:18,UTCZ,Journaled your thoughts?,true,
2024-01-08 22:28:35,2024-01-10 00:47:18,UTCZ,Ate food close to bedtime?,false,
2024-01-08 22:28:35,2024-01-10 00:47:18,UTCZ,Read (non-screened device) while in bed?,true,
2024-01-08 22:28:35,2024-01-10 00:47:18,UTCZ,Slept in the same bed as usual?,true,
2024-01-08 22:28:35,2024-01-10 00:47:18,UTCZ,Snacked in between meals?,false,
2024-01-08 22:28:35,2024-01-10 00:47:18,UTCZ,Experienced stress?,false,
2024-01-08 22:28:35,2024-01-10 00:47:18,UTCZ,Did Zone 2 cardio?,true,
2024-01-05 23:02:13,2024-01-07 00:04:55,UTC+01:00,Traveled on a plane?,false,
2024-01-05 23:02:13,2024-01-07 00:04:55,UTC+01:00,Have any alcoholic drinks?,true,
2024-01-05 23:02:13,2024-01-07 00:04:55,UTC+01:00,Consumed caffeine?,true,
2024-01-05 23:02:13,2024-01-07 00:04:55,UTC+01:00,Avoided processed foods?,false,
2024-01-05 23:02:13,2024-01-07 00:04:55,UTC+01:00,Viewed a screen device in bed?,false,
2024-01-05 23:02:13,2024-01-07 00:04:55,UTC+01:00,Had a hot flash while sleeping?,false,
2024-01-05 23:02:13,2024-01-07 00:04:55,UTC+01:00,Followed an intermittent fasting diet?,false,
2024-01-05 23:02:13,2024-01-07 00:04:55,UTC+01:00,Journaled your thoughts?,true,
2024-01-05 23:02:13,2024-01-07 00:04:55,UTC+01:00,Ate food close to bedtime?,false,
2024-01-05 23:02:13,2024-01-07 00:04:55,UTC+01:00,Read (non-screened device) while in bed?,true,
2024-01-05 23:02:13,2024-01-07 00:04:55,UTC+01:00,Slept in the same bed as usual?,false,
2024-01-05 23:02:13,2024-01-07 00:04:55,UTC+01:00,Snacked in between meals?,false,
2024-01-05 23:02:13,2024-01-07 00:04:55,UTC+01:00,Experienced stress?,false,
2024-01-05 23:02:13,2024-01-07 00:04:55,UTC+01:00,Did Zone 2 cardio?,true,
2024-01-04 22:27:01,2024-01-05 23:02:13,UTC+01:00,Traveled on a plane?,false,
2024-01-04 22:27:01,2024-01-05 23:02:13,UTC+01:00,Have any alcoholic drinks?,false,
2024-01-04 22:27:01,2024-01-05 23:02:13,UTC+01:00,Consumed caffeine?,true,
2024-01-04 22:27:01,2024-01-05 23:02:13,UTC+01:00,Avoided processed foods?,false,
2024-01-04 22:27:01,2024-01-05 23:02:13,UTC+01:00,Viewed a screen device in bed?,false,
2024-01-04 22:27:01,2024-01-05 23:02:13,UTC+01:00,Had a hot flash while sleeping?,false,
2024-01-04 22:27:01,2024-01-05 23:02:13,UTC+01:00,Followed an intermittent fasting diet?,false,
2024-01-04 22:27:01,2024-01-05 23:02:13,UTC+01:00,Journaled your thoughts?,false,
2024-01-04 22:27:01,2024-01-05 23:02:13,UTC+01:00,Ate food close to bedtime?,false,
2024-01-04 22:27:01,2024-01-05 23:02:13,UTC+01:00,Read (non-screened device) while in bed?,true,
2024-01-04 22:27:01,2024-01-05 23:02:13,UTC+01:00,Slept in the same bed as usual?,false,
2024-01-04 22:27:01,2024-01-05 23:02:13,UTC+01:00,Snacked in between meals?,false,
2024-01-04 22:27:01,2024-01-05 23:02:13,UTC+01:00,Experienced stress?,false,
2024-01-04 22:27:01,2024-01-05 23:02:13,UTC+01:00,Did Zone 2 cardio?,false,
2024-01-03 22:16:52,2024-01-04 22:27:01,UTC+01:00,Traveled on a plane?,false,
2024-01-03 22:16:52,2024-01-04 22:27:01,UTC+01:00,Have any alcoholic drinks?,true,
2024-01-03 22:16:52,2024-01-04 22:27:01,UTC+01:00,Consumed caffeine?,true,
2024-01-03 22:16:52,2024-01-04 22:27:01,UTC+01:00,Avoided processed foods?,false,
2024-01-03 22:16:52,2024-01-04 22:27:01,UTC+01:00,Viewed a screen device in bed?,false,
2024-01-03 22:16:52,2024-01-04 22:27:01,UTC+01:00,Had a hot flash while sleeping?,false,
2024-01-03 22:16:52,2024-01-04 22:27:01,UTC+01:00,Followed an intermittent fasting diet?,false,
2024-01-03 22:16:52,2024-01-04 22:27:01,UTC+01:00,Journaled your thoughts?,false,
2024-01-03 22:16:52,2024-01-04 22:27:01,UTC+01:00,Ate food close to bedtime?,false,
2024-01-03 22:16:52,2024-01-04 22:27:01,UTC+01:00,Read (non-screened device) while in bed?,true,
2024-01-03 22:16:52,2024-01-04 22:27:01,UTC+01:00,Slept in the same bed as usual?,false,
2024-01-03 22:16:52,2024-01-04 22:27:01,UTC+01:00,Snacked in between meals?,false,
2024-01-03 22:16:52,2024-01-04 22:27:01,UTC+01:00,Experienced stress?,false,
2024-01-03 22:16:52,2024-01-04 22:27:01,UTC+01:00,Did Zone 2 cardio?,false,
2024-01-02 22:30:03,2024-01-03 22:16:52,UTC+01:00,Traveled on a plane?,false,
2024-01-02 22:30:03,2024-01-03 22:16:52,UTC+01:00,Have any alcoholic drinks?,true,
2024-01-02 22:30:03,2024-01-03 22:16:52,UTC+01:00,Consumed caffeine?,true,
2024-01-02 22:30:03,2024-01-03 22:16:52,UTC+01:00,Avoided processed foods?,false,
2024-01-02 22:30:03,2024-01-03 22:16:52,UTC+01:00,Viewed a screen device in bed?,false,
2024-01-02 22:30:03,2024-01-03 22:16:52,UTC+01:00,Had a hot flash while sleeping?,false,
2024-01-02 22:30:03,2024-01-03 22:16:52,UTC+01:00,Followed an intermittent fasting diet?,false,
2024-01-02 22:30:03,2024-01-03 22:16:52,UTC+01:00,Journaled your thoughts?,true,
2024-01-02 22:30:03,2024-01-03 22:16:52,UTC+01:00,Ate food close to bedtime?,false,
2024-01-02 22:30:03,2024-01-03 22:16:52,UTC+01:00,Read (non-screened device) while in bed?,true,
2024-01-02 22:30:03,2024-01-03 22:16:52,UTC+01:00,Slept in the same bed as usual?,false,
2024-01-02 22:30:03,2024-01-03 22:16:52,UTC+01:00,Snacked in between meals?,true,
2024-01-02 22:30:03,2024-01-03 22:16:52,UTC+01:00,Experienced stress?,false,
2024-01-02 22:30:03,2024-01-03 22:16:52,UTC+01:00,Did Zone 2 cardio?,true,
2024-01-01 22:15:07,2024-01-02 22:30:03,UTC+01:00,Traveled on a plane?,false,
2024-01-01 22:15:07,2024-01-02 22:30:03,UTC+01:00,Have any alcoholic drinks?,true,
2024-01-01 22:15:07,2024-01-02 22:30:03,UTC+01:00,Consumed caffeine?,true,
2024-01-01 22:15:07,2024-01-02 22:30:03,UTC+01:00,Avoided processed foods?,true,
2024-01-01 22:15:07,2024-01-02 22:30:03,UTC+01:00,Viewed a screen device in bed?,false,
2024-01-01 22:15:07,2024-01-02 22:30:03,UTC+01:00,Had a hot flash while sleeping?,false,
2024-01-01 22:15:07,2024-01-02 22:30:03,UTC+01:00,Followed an intermittent fasting diet?,false,
2024-01-01 22:15:07,2024-01-02 22:30:03,UTC+01:00,Journaled your thoughts?,true,
2024-01-01 22:15:07,2024-01-02 22:30:03,UTC+01:00,Ate food close to bedtime?,false,
2024-01-01 22:15:07,2024-01-02 22:30:03,UTC+01:00,Read (non-screened device) while in bed?,true,
2024-01-01 22:15:07,2024-01-02 22:30:03,UTC+01:00,Slept in the same bed as usual?,false,
2024-01-01 22:15:07,2024-01-02 22:30:03,UTC+01:00,Snacked in between meals?,false,
2024-01-01 22:15:07,2024-01-02 22:30:03,UTC+01:00,Experienced stress?,false,
2024-01-01 22:15:07,2024-01-02 22:30:03,UTC+01:00,Did Zone 2 cardio?,false,
2023-12-23 22:26:06,2023-12-24 23:53:35,UTCZ,Traveled on a plane?,false,
2023-12-23 22:26:06,2023-12-24 23:53:35,UTCZ,Have any alcoholic drinks?,true,
2023-12-23 22:26:06,2023-12-24 23:53:35,UTCZ,Consumed caffeine?,true,
2023-12-23 22:26:06,2023-12-24 23:53:35,UTCZ,Avoided processed foods?,true,
2023-12-23 22:26:06,2023-12-24 23:53:35,UTCZ,Viewed a screen device in bed?,true,
2023-12-23 22:26:06,2023-12-24 23:53:35,UTCZ,Had a hot flash while sleeping?,false,
2023-12-23 22:26:06,2023-12-24 23:53:35,UTCZ,Followed an intermittent fasting diet?,true,
2023-12-23 22:26:06,2023-12-24 23:53:35,UTCZ,Journaled your thoughts?,false,
2023-12-23 22:26:06,2023-12-24 23:53:35,UTCZ,Ate food close to bedtime?,false,
2023-12-23 22:26:06,2023-12-24 23:53:35,UTCZ,Read (non-screened device) while in bed?,true,
2023-12-23 22:26:06,2023-12-24 23:53:35,UTCZ,Slept in the same bed as usual?,true,
2023-12-23 22:26:06,2023-12-24 23:53:35,UTCZ,Snacked in between meals?,false,
2023-12-23 22:26:06,2023-12-24 23:53:35,UTCZ,Experienced stress?,true,
2023-12-23 22:26:06,2023-12-24 23:53:35,UTCZ,Did Zone 2 cardio?,false,
2023-12-22 21:59:34,2023-12-23 22:26:06,UTCZ,Traveled on a plane?,false,
2023-12-22 21:59:34,2023-12-23 22:26:06,UTCZ,Have any alcoholic drinks?,true,
2023-12-22 21:59:34,2023-12-23 22:26:06,UTCZ,Consumed caffeine?,true,
2023-12-22 21:59:34,2023-12-23 22:26:06,UTCZ,Avoided processed foods?,false,
2023-12-22 21:59:34,2023-12-23 22:26:06,UTCZ,Viewed a screen device in bed?,false,
2023-12-22 21:59:34,2023-12-23 22:26:06,UTCZ,Had a hot flash while sleeping?,false,
2023-12-22 21:59:34,2023-12-23 22:26:06,UTCZ,Hydrated sufficiently?,false,
2023-12-22 21:59:34,2023-12-23 22:26:06,UTCZ,Followed an intermittent fasting diet?,true,
2023-12-22 21:59:34,2023-12-23 22:26:06,UTCZ,Journaled your thoughts?,false,
2023-12-22 21:59:34,2023-12-23 22:26:06,UTCZ,Ate food close to bedtime?,true,
2023-12-22 21:59:34,2023-12-23 22:26:06,UTCZ,Felt motivated?,false,
2023-12-22 21:59:34,2023-12-23 22:26:06,UTCZ,Read (non-screened device) while in bed?,true,
2023-12-22 21:59:34,2023-12-23 22:26:06,UTCZ,Slept in the same bed as usual?,true,
2023-12-22 21:59:34,2023-12-23 22:26:06,UTCZ,Snacked in between meals?,true,
2023-12-22 21:59:34,2023-12-23 22:26:06,UTCZ,Experienced stress?,true,
2023-12-22 21:59:34,2023-12-23 22:26:06,UTCZ,Did Zone 2 cardio?,true,
2023-12-21 21:42:48,2023-12-22 21:59:34,UTCZ,Traveled on a plane?,false,
2023-12-21 21:42:48,2023-12-22 21:59:34,UTCZ,Have any alcoholic drinks?,true,
2023-12-21 21:42:48,2023-12-22 21:59:34,UTCZ,Consumed caffeine?,true,
2023-12-21 21:42:48,2023-12-22 21:59:34,UTCZ,Avoided processed foods?,true,
2023-12-21 21:42:48,2023-12-22 21:59:34,UTCZ,Viewed a screen device in bed?,false,
2023-12-21 21:42:48,2023-12-22 21:59:34,UTCZ,Had a hot flash while sleeping?,false,
2023-12-21 21:42:48,2023-12-22 21:59:34,UTCZ,Hydrated sufficiently?,true,
2023-12-21 21:42:48,2023-12-22 21:59:34,UTCZ,Followed an intermittent fasting diet?,true,
2023-12-21 21:42:48,2023-12-22 21:59:34,UTCZ,Journaled your thoughts?,false,
2023-12-21 21:42:48,2023-12-22 21:59:34,UTCZ,Ate food close to bedtime?,false,
2023-12-21 21:42:48,2023-12-22 21:59:34,UTCZ,Felt motivated?,false,
2023-12-21 21:42:48,2023-12-22 21:59:34,UTCZ,Read (non-screened device) while in bed?,true,
2023-12-21 21:42:48,2023-12-22 21:59:34,UTCZ,Slept in the same bed as usual?,true,
2023-12-21 21:42:48,2023-12-22 21:59:34,UTCZ,Snacked in between meals?,false,
2023-12-21 21:42:48,2023-12-22 21:59:34,UTCZ,Experienced stress?,false,
2023-12-21 21:42:48,2023-12-22 21:59:34,UTCZ,Did Zone 2 cardio?,false,
2023-12-20 23:13:02,2023-12-21 21:42:48,UTCZ,Traveled on a plane?,false,
2023-12-20 23:13:02,2023-12-21 21:42:48,UTCZ,Have any alcoholic drinks?,true,
2023-12-20 23:13:02,2023-12-21 21:42:48,UTCZ,Consumed caffeine?,true,
2023-12-20 23:13:02,2023-12-21 21:42:48,UTCZ,Avoided processed foods?,true,
2023-12-20 23:13:02,2023-12-21 21:42:48,UTCZ,Viewed a screen device in bed?,false,
2023-12-20 23:13:02,2023-12-21 21:42:48,UTCZ,Had a hot flash while sleeping?,false,
2023-12-20 23:13:02,2023-12-21 21:42:48,UTCZ,Hydrated sufficiently?,true,
2023-12-20 23:13:02,2023-12-21 21:42:48,UTCZ,Followed an intermittent fasting diet?,true,
2023-12-20 23:13:02,2023-12-21 21:42:48,UTCZ,Journaled your thoughts?,false,
2023-12-20 23:13:02,2023-12-21 21:42:48,UTCZ,Ate food close to bedtime?,true,
2023-12-20 23:13:02,2023-12-21 21:42:48,UTCZ,Felt motivated?,true,
2023-12-20 23:13:02,2023-12-21 21:42:48,UTCZ,Read (non-screened device) while in bed?,true,
2023-12-20 23:13:02,2023-12-21 21:42:48,UTCZ,Slept in the same bed as usual?,true,
2023-12-20 23:13:02,2023-12-21 21:42:48,UTCZ,Snacked in between meals?,false,
2023-12-20 23:13:02,2023-12-21 21:42:48,UTCZ,Experienced stress?,false,
2023-12-20 23:13:02,2023-12-21 21:42:48,UTCZ,Did Zone 2 cardio?,false,
2023-12-19 21:49:19,2023-12-20 23:13:02,UTCZ,Traveled on a plane?,false,
2023-12-19 21:49:19,2023-12-20 23:13:02,UTCZ,Have any alcoholic drinks?,false,
2023-12-19 21:49:19,2023-12-20 23:13:02,UTCZ,Consumed caffeine?,true,
2023-12-19 21:49:19,2023-12-20 23:13:02,UTCZ,Avoided processed foods?,true,
2023-12-19 21:49:19,2023-12-20 23:13:02,UTCZ,Viewed a screen device in bed?,false,
2023-12-19 21:49:19,2023-12-20 23:13:02,UTCZ,Had a hot flash while sleeping?,false,
2023-12-19 21:49:19,2023-12-20 23:13:02,UTCZ,Hydrated sufficiently?,false,
2023-12-19 21:49:19,2023-12-20 23:13:02,UTCZ,Followed an intermittent fasting diet?,true,
2023-12-19 21:49:19,2023-12-20 23:13:02,UTCZ,Journaled your thoughts?,false,
2023-12-19 21:49:19,2023-12-20 23:13:02,UTCZ,Ate food close to bedtime?,false,
2023-12-19 21:49:19,2023-12-20 23:13:02,UTCZ,Felt motivated?,true,
2023-12-19 21:49:19,2023-12-20 23:13:02,UTCZ,Read (non-screened device) while in bed?,true,
2023-12-19 21:49:19,2023-12-20 23:13:02,UTCZ,Slept in the same bed as usual?,true,
2023-12-19 21:49:19,2023-12-20 23:13:02,UTCZ,Snacked in between meals?,false,
2023-12-19 21:49:19,2023-12-20 23:13:02,UTCZ,Experienced stress?,false,
2023-12-19 21:49:19,2023-12-20 23:13:02,UTCZ,Did Zone 2 cardio?,false,
2023-12-18 21:38:39,2023-12-19 21:49:19,UTCZ,Traveled on a plane?,false,
2023-12-18 21:38:39,2023-12-19 21:49:19,UTCZ,Have any alcoholic drinks?,false,
2023-12-18 21:38:39,2023-12-19 21:49:19,UTCZ,Consumed caffeine?,true,
2023-12-18 21:38:39,2023-12-19 21:49:19,UTCZ,Avoided processed foods?,true,
2023-12-18 21:38:39,2023-12-19 21:49:19,UTCZ,Viewed a screen device in bed?,false,
2023-12-18 21:38:39,2023-12-19 21:49:19,UTCZ,Had a hot flash while sleeping?,false,
2023-12-18 21:38:39,2023-12-19 21:49:19,UTCZ,Followed an intermittent fasting diet?,true,
2023-12-18 21:38:39,2023-12-19 21:49:19,UTCZ,Journaled your thoughts?,false,
2023-12-18 21:38:39,2023-12-19 21:49:19,UTCZ,Ate food close to bedtime?,false,
2023-12-18 21:38:39,2023-12-19 21:49:19,UTCZ,Felt motivated?,false,
2023-12-18 21:38:39,2023-12-19 21:49:19,UTCZ,Read (non-screened device) while in bed?,true,
2023-12-18 21:38:39,2023-12-19 21:49:19,UTCZ,Slept in the same bed as usual?,true,
2023-12-18 21:38:39,2023-12-19 21:49:19,UTCZ,Snacked in between meals?,false,
2023-12-18 21:38:39,2023-12-19 21:49:19,UTCZ,Experienced stress?,false,
2023-12-18 21:38:39,2023-12-19 21:49:19,UTCZ,Did Zone 2 cardio?,true,
2023-10-17 22:52:17,2023-10-19 00:17:12,UTC+01:00,Have any alcoholic drinks?,false,
2023-10-17 22:52:17,2023-10-19 00:17:12,UTC+01:00,Consumed caffeine?,true,
2023-10-17 22:52:17,2023-10-19 00:17:12,UTC+01:00,Avoided processed foods?,true,
2023-10-17 22:52:17,2023-10-19 00:17:12,UTC+01:00,Viewed a screen device in bed?,false,
2023-10-17 22:52:17,2023-10-19 00:17:12,UTC+01:00,Had a hot flash while sleeping?,false,
2023-10-17 22:52:17,2023-10-19 00:17:12,UTC+01:00,Followed an intermittent fasting diet?,true,
2023-10-17 22:52:17,2023-10-19 00:17:12,UTC+01:00,Ate food close to bedtime?,false,
2023-10-17 22:52:17,2023-10-19 00:17:12,UTC+01:00,Made progress on an important goal?,true,
2023-10-17 22:52:17,2023-10-19 00:17:12,UTC+01:00,Read (non-screened device) while in bed?,true,
2023-10-17 22:52:17,2023-10-19 00:17:12,UTC+01:00,Snacked in between meals?,false,
2023-10-17 22:52:17,2023-10-19 00:17:12,UTC+01:00,Experienced stress?,false,
2023-10-16 23:13:34,2023-10-17 22:52:17,UTC+01:00,Have any alcoholic drinks?,false,
2023-10-16 23:13:34,2023-10-17 22:52:17,UTC+01:00,Consumed caffeine?,true,
2023-10-16 23:13:34,2023-10-17 22:52:17,UTC+01:00,Avoided processed foods?,true,
2023-10-16 23:13:34,2023-10-17 22:52:17,UTC+01:00,Viewed a screen device in bed?,false,
2023-10-16 23:13:34,2023-10-17 22:52:17,UTC+01:00,Had a hot flash while sleeping?,false,
2023-10-16 23:13:34,2023-10-17 22:52:17,UTC+01:00,Followed an intermittent fasting diet?,true,
2023-10-16 23:13:34,2023-10-17 22:52:17,UTC+01:00,Ate food close to bedtime?,false,
2023-10-16 23:13:34,2023-10-17 22:52:17,UTC+01:00,Made progress on an important goal?,true,
2023-10-16 23:13:34,2023-10-17 22:52:17,UTC+01:00,Read (non-screened device) while in bed?,true,
2023-10-16 23:13:34,2023-10-17 22:52:17,UTC+01:00,Snacked in between meals?,false,
2023-10-16 23:13:34,2023-10-17 22:52:17,UTC+01:00,Experienced stress?,false,
2023-10-14 00:07:07,2023-10-14 22:51:18,UTC+01:00,Have any alcoholic drinks?,false,
2023-10-14 00:07:07,2023-10-14 22:51:18,UTC+01:00,Consumed caffeine?,true,
2023-10-14 00:07:07,2023-10-14 22:51:18,UTC+01:00,Avoided processed foods?,false,
2023-10-14 00:07:07,2023-10-14 22:51:18,UTC+01:00,Viewed a screen device in bed?,true,
2023-10-14 00:07:07,2023-10-14 22:51:18,UTC+01:00,Had a hot flash while sleeping?,false,
2023-10-14 00:07:07,2023-10-14 22:51:18,UTC+01:00,Followed an intermittent fasting diet?,false,
2023-10-14 00:07:07,2023-10-14 22:51:18,UTC+01:00,Ate food close to bedtime?,true,
2023-10-14 00:07:07,2023-10-14 22:51:18,UTC+01:00,Made progress on an important goal?,false,
2023-10-14 00:07:07,2023-10-14 22:51:18,UTC+01:00,Read (non-screened device) while in bed?,false,
2023-10-14 00:07:07,2023-10-14 22:51:18,UTC+01:00,Snacked in between meals?,true,
2023-10-14 00:07:07,2023-10-14 22:51:18,UTC+01:00,Experienced stress?,false,
2023-10-12 23:08:41,2023-10-14 00:07:07,UTC+01:00,Have any alcoholic drinks?,false,
2023-10-12 23:08:41,2023-10-14 00:07:07,UTC+01:00,Consumed caffeine?,true,
2023-10-12 23:08:41,2023-10-14 00:07:07,UTC+01:00,Avoided processed foods?,false,
2023-10-12 23:08:41,2023-10-14 00:07:07,UTC+01:00,Viewed a screen device in bed?,true,
2023-10-12 23:08:41,2023-10-14 00:07:07,UTC+01:00,Had a hot flash while sleeping?,false,
2023-10-12 23:08:41,2023-10-14 00:07:07,UTC+01:00,Followed an intermittent fasting diet?,false,
2023-10-12 23:08:41,2023-10-14 00:07:07,UTC+01:00,Ate food close to bedtime?,true,
2023-10-12 23:08:41,2023-10-14 00:07:07,UTC+01:00,Made progress on an important goal?,false,
2023-10-12 23:08:41,2023-10-14 00:07:07,UTC+01:00,Read (non-screened device) while in bed?,false,
2023-10-12 23:08:41,2023-10-14 00:07:07,UTC+01:00,Snacked in between meals?,true,
2023-10-12 23:08:41,2023-10-14 00:07:07,UTC+01:00,Experienced stress?,false,
2023-10-12 00:01:32,2023-10-12 23:08:41,UTC+01:00,Have any alcoholic drinks?,false,
2023-10-12 00:01:32,2023-10-12 23:08:41,UTC+01:00,Consumed caffeine?,true,
2023-10-12 00:01:32,2023-10-12 23:08:41,UTC+01:00,Avoided processed foods?,true,
2023-10-12 00:01:32,2023-10-12 23:08:41,UTC+01:00,Viewed a screen device in bed?,true,
2023-10-12 00:01:32,2023-10-12 23:08:41,UTC+01:00,Had a hot flash while sleeping?,false,
2023-10-12 00:01:32,2023-10-12 23:08:41,UTC+01:00,Followed an intermittent fasting diet?,true,
2023-10-12 00:01:32,2023-10-12 23:08:41,UTC+01:00,Ate food close to bedtime?,false,
2023-10-12 00:01:32,2023-10-12 23:08:41,UTC+01:00,Made progress on an important goal?,false,
2023-10-12 00:01:32,2023-10-12 23:08:41,UTC+01:00,Read (non-screened device) while in bed?,true,
2023-10-12 00:01:32,2023-10-12 23:08:41,UTC+01:00,Snacked in between meals?,false,
2023-10-12 00:01:32,2023-10-12 23:08:41,UTC+01:00,Experienced stress?,true,
2023-10-10 22:48:01,2023-10-12 00:01:32,UTC+01:00,Have any alcoholic drinks?,false,
2023-10-10 22:48:01,2023-10-12 00:01:32,UTC+01:00,Consumed caffeine?,true,
2023-10-10 22:48:01,2023-10-12 00:01:32,UTC+01:00,Avoided processed foods?,true,
2023-10-10 22:48:01,2023-10-12 00:01:32,UTC+01:00,Viewed a screen device in bed?,false,
2023-10-10 22:48:01,2023-10-12 00:01:32,UTC+01:00,Had a hot flash while sleeping?,false,
2023-10-10 22:48:01,2023-10-12 00:01:32,UTC+01:00,Followed an intermittent fasting diet?,true,
2023-10-10 22:48:01,2023-10-12 00:01:32,UTC+01:00,Ate food close to bedtime?,false,
2023-10-10 22:48:01,2023-10-12 00:01:32,UTC+01:00,Made progress on an important goal?,true,
2023-10-10 22:48:01,2023-10-12 00:01:32,UTC+01:00,Read (non-screened device) while in bed?,true,
2023-10-10 22:48:01,2023-10-12 00:01:32,UTC+01:00,Snacked in between meals?,false,
2023-10-10 22:48:01,2023-10-12 00:01:32,UTC+01:00,Experienced stress?,false,
2023-10-09 22:50:11,2023-10-10 22:48:01,UTC+01:00,Have any alcoholic drinks?,false,First night since Canada - back to reading & being productive 
2023-10-09 22:50:11,2023-10-10 22:48:01,UTC+01:00,Consumed caffeine?,true,First night since Canada - back to reading & being productive 
2023-10-09 22:50:11,2023-10-10 22:48:01,UTC+01:00,Avoided processed foods?,true,First night since Canada - back to reading & being productive 
2023-10-09 22:50:11,2023-10-10 22:48:01,UTC+01:00,Viewed a screen device in bed?,false,First night since Canada - back to reading & being productive 
2023-10-09 22:50:11,2023-10-10 22:48:01,UTC+01:00,Had a hot flash while sleeping?,false,First night since Canada - back to reading & being productive 
2023-10-09 22:50:11,2023-10-10 22:48:01,UTC+01:00,Followed an intermittent fasting diet?,true,First night since Canada - back to reading & being productive 
2023-10-09 22:50:11,2023-10-10 22:48:01,UTC+01:00,Ate food close to bedtime?,false,First night since Canada - back to reading & being productive 
2023-10-09 22:50:11,2023-10-10 22:48:01,UTC+01:00,Made progress on an important goal?,true,First night since Canada - back to reading & being productive 
2023-10-09 22:50:11,2023-10-10 22:48:01,UTC+01:00,Read (non-screened device) while in bed?,true,First night since Canada - back to reading & being productive 
2023-10-09 22:50:11,2023-10-10 22:48:01,UTC+01:00,Snacked in between meals?,false,First night since Canada - back to reading & being productive 
2023-10-09 22:50:11,2023-10-10 22:48:01,UTC+01:00,Experienced stress?,false,First night since Canada - back to reading & being productive 
2023-09-10 23:33:03,2023-09-11 23:09:54,UTC+01:00,Have any alcoholic drinks?,false,
2023-09-10 23:33:03,2023-09-11 23:09:54,UTC+01:00,Consumed caffeine?,true,
2023-09-10 23:33:03,2023-09-11 23:09:54,UTC+01:00,Avoided processed foods?,false,
2023-09-10 23:33:03,2023-09-11 23:09:54,UTC+01:00,Viewed a screen device in bed?,true,
2023-09-10 23:33:03,2023-09-11 23:09:54,UTC+01:00,Felt energized throughout the day?,false,
2023-09-10 23:33:03,2023-09-11 23:09:54,UTC+01:00,Ate food close to bedtime?,true,
2023-09-10 23:33:03,2023-09-11 23:09:54,UTC+01:00,Feel generally positive about the future?,false,
2023-09-10 23:33:03,2023-09-11 23:09:54,UTC+01:00,Read (non-screened device) while in bed?,false,
2023-09-10 23:33:03,2023-09-11 23:09:54,UTC+01:00,Snacked in between meals?,true,
2023-09-10 23:33:03,2023-09-11 23:09:54,UTC+01:00,Experienced stress?,false,
2023-05-22 23:39:15,2023-05-24 00:06:25,UTC+01:00,Have any alcoholic drinks?,false,
2023-05-22 23:39:15,2023-05-24 00:06:25,UTC+01:00,Consumed caffeine?,true,
2023-05-22 23:39:15,2023-05-24 00:06:25,UTC+01:00,Avoided processed foods?,false,
2023-05-22 23:39:15,2023-05-24 00:06:25,UTC+01:00,Viewed a screen device in bed?,true,
2023-05-22 23:39:15,2023-05-24 00:06:25,UTC+01:00,Felt energized throughout the day?,true,
2023-05-22 23:39:15,2023-05-24 00:06:25,UTC+01:00,Ate food close to bedtime?,false,
2023-05-22 23:39:15,2023-05-24 00:06:25,UTC+01:00,Feel generally positive about the future?,false,
2023-05-22 23:39:15,2023-05-24 00:06:25,UTC+01:00,Read (non-screened device) while in bed?,false,
2023-05-22 23:39:15,2023-05-24 00:06:25,UTC+01:00,Snacked in between meals?,true,
2023-05-22 23:39:15,2023-05-24 00:06:25,UTC+01:00,Experienced stress?,false,
2023-05-21 23:22:34,2023-05-22 23:39:15,UTC+01:00,Have any alcoholic drinks?,false,
2023-05-21 23:22:34,2023-05-22 23:39:15,UTC+01:00,Consumed caffeine?,true,
2023-05-21 23:22:34,2023-05-22 23:39:15,UTC+01:00,Avoided processed foods?,false,
2023-05-21 23:22:34,2023-05-22 23:39:15,UTC+01:00,Viewed a screen device in bed?,true,
2023-05-21 23:22:34,2023-05-22 23:39:15,UTC+01:00,Felt energized throughout the day?,false,
2023-05-21 23:22:34,2023-05-22 23:39:15,UTC+01:00,Ate food close to bedtime?,true,
2023-05-21 23:22:34,2023-05-22 23:39:15,UTC+01:00,Feel generally positive about the future?,false,
2023-05-21 23:22:34,2023-05-22 23:39:15,UTC+01:00,Read (non-screened device) while in bed?,false,
2023-05-21 23:22:34,2023-05-22 23:39:15,UTC+01:00,Snacked in between meals?,true,
2023-05-21 23:22:34,2023-05-22 23:39:15,UTC+01:00,Experienced stress?,false,
2023-05-18 23:01:45,2023-05-20 03:31:46,UTC+01:00,Have any alcoholic drinks?,false,
2023-05-18 23:01:45,2023-05-20 03:31:46,UTC+01:00,Consumed caffeine?,true,
2023-05-18 23:01:45,2023-05-20 03:31:46,UTC+01:00,Avoided processed foods?,false,
2023-05-18 23:01:45,2023-05-20 03:31:46,UTC+01:00,Viewed a screen device in bed?,true,
2023-05-18 23:01:45,2023-05-20 03:31:46,UTC+01:00,Felt energized throughout the day?,false,
2023-05-18 23:01:45,2023-05-20 03:31:46,UTC+01:00,Ate food close to bedtime?,false,
2023-05-18 23:01:45,2023-05-20 03:31:46,UTC+01:00,Feel generally positive about the future?,true,
2023-05-18 23:01:45,2023-05-20 03:31:46,UTC+01:00,Read (non-screened device) while in bed?,false,
2023-05-18 23:01:45,2023-05-20 03:31:46,UTC+01:00,Snacked in between meals?,false,
2023-05-18 23:01:45,2023-05-20 03:31:46,UTC+01:00,Experienced stress?,true,
2023-05-17 22:50:57,2023-05-18 23:01:45,UTC+01:00,Have any alcoholic drinks?,false,
2023-05-17 22:50:57,2023-05-18 23:01:45,UTC+01:00,Consumed caffeine?,true,
2023-05-17 22:50:57,2023-05-18 23:01:45,UTC+01:00,Avoided processed foods?,true,
2023-05-17 22:50:57,2023-05-18 23:01:45,UTC+01:00,Viewed a screen device in bed?,false,
2023-05-17 22:50:57,2023-05-18 23:01:45,UTC+01:00,Felt energized throughout the day?,false,
2023-05-17 22:50:57,2023-05-18 23:01:45,UTC+01:00,Ate food close to bedtime?,false,
2023-05-17 22:50:57,2023-05-18 23:01:45,UTC+01:00,Feel generally positive about the future?,false,
2023-05-17 22:50:57,2023-05-18 23:01:45,UTC+01:00,Read (non-screened device) while in bed?,true,
2023-05-17 22:50:57,2023-05-18 23:01:45,UTC+01:00,Snacked in between meals?,false,
2023-05-17 22:50:57,2023-05-18 23:01:45,UTC+01:00,Experienced stress?,false,
2023-05-16 22:26:52,2023-05-17 22:50:57,UTC+01:00,Have any alcoholic drinks?,false,
2023-05-16 22:26:52,2023-05-17 22:50:57,UTC+01:00,Consumed caffeine?,true,
2023-05-16 22:26:52,2023-05-17 22:50:57,UTC+01:00,Avoided processed foods?,true,
2023-05-16 22:26:52,2023-05-17 22:50:57,UTC+01:00,Viewed a screen device in bed?,false,
2023-05-16 22:26:52,2023-05-17 22:50:57,UTC+01:00,Felt energized throughout the day?,true,
2023-05-16 22:26:52,2023-05-17 22:50:57,UTC+01:00,Ate food close to bedtime?,false,
2023-05-16 22:26:52,2023-05-17 22:50:57,UTC+01:00,Feel generally positive about the future?,true,
2023-05-16 22:26:52,2023-05-17 22:50:57,UTC+01:00,Read (non-screened device) while in bed?,true,
2023-05-16 22:26:52,2023-05-17 22:50:57,UTC+01:00,Snacked in between meals?,true,
2023-05-16 22:26:52,2023-05-17 22:50:57,UTC+01:00,Experienced stress?,false,
2023-05-15 22:41:46,2023-05-16 22:26:52,UTC+01:00,Have any alcoholic drinks?,false,
2023-05-15 22:41:46,2023-05-16 22:26:52,UTC+01:00,Consumed caffeine?,true,
2023-05-15 22:41:46,2023-05-16 22:26:52,UTC+01:00,Avoided processed foods?,true,
2023-05-15 22:41:46,2023-05-16 22:26:52,UTC+01:00,Viewed a screen device in bed?,false,
2023-05-15 22:41:46,2023-05-16 22:26:52,UTC+01:00,Felt energized throughout the day?,true,
2023-05-15 22:41:46,2023-05-16 22:26:52,UTC+01:00,Ate food close to bedtime?,false,
2023-05-15 22:41:46,2023-05-16 22:26:52,UTC+01:00,Feel generally positive about the future?,true,
2023-05-15 22:41:46,2023-05-16 22:26:52,UTC+01:00,Read (non-screened device) while in bed?,true,
2023-05-15 22:41:46,2023-05-16 22:26:52,UTC+01:00,Snacked in between meals?,false,
2023-05-15 22:41:46,2023-05-16 22:26:52,UTC+01:00,Experienced stress?,false,
2023-05-11 23:20:54,2023-05-13 02:42:44,UTC+01:00,Have any alcoholic drinks?,false,
2023-05-11 23:20:54,2023-05-13 02:42:44,UTC+01:00,Consumed caffeine?,true,
2023-05-11 23:20:54,2023-05-13 02:42:44,UTC+01:00,Avoided processed foods?,false,
2023-05-11 23:20:54,2023-05-13 02:42:44,UTC+01:00,Viewed a screen device in bed?,true,
2023-05-11 23:20:54,2023-05-13 02:42:44,UTC+01:00,Felt energized throughout the day?,true,
2023-05-11 23:20:54,2023-05-13 02:42:44,UTC+01:00,Ate food close to bedtime?,false,
2023-05-11 23:20:54,2023-05-13 02:42:44,UTC+01:00,Feel generally positive about the future?,false,
2023-05-11 23:20:54,2023-05-13 02:42:44,UTC+01:00,Read (non-screened device) while in bed?,false,
2023-05-11 23:20:54,2023-05-13 02:42:44,UTC+01:00,Snacked in between meals?,true,
2023-05-11 23:20:54,2023-05-13 02:42:44,UTC+01:00,Experienced stress?,true,
2023-05-10 23:50:43,2023-05-11 23:20:54,UTC+01:00,Have any alcoholic drinks?,false,
2023-05-10 23:50:43,2023-05-11 23:20:54,UTC+01:00,Consumed caffeine?,true,
2023-05-10 23:50:43,2023-05-11 23:20:54,UTC+01:00,Avoided processed foods?,true,
2023-05-10 23:50:43,2023-05-11 23:20:54,UTC+01:00,Viewed a screen device in bed?,true,
2023-05-10 23:50:43,2023-05-11 23:20:54,UTC+01:00,Felt energized throughout the day?,true,
2023-05-10 23:50:43,2023-05-11 23:20:54,UTC+01:00,Ate food close to bedtime?,false,
2023-05-10 23:50:43,2023-05-11 23:20:54,UTC+01:00,Feel generally positive about the future?,true,
2023-05-10 23:50:43,2023-05-11 23:20:54,UTC+01:00,Read (non-screened device) while in bed?,false,
2023-05-10 23:50:43,2023-05-11 23:20:54,UTC+01:00,Snacked in between meals?,false,
2023-05-10 23:50:43,2023-05-11 23:20:54,UTC+01:00,Experienced stress?,true,
2023-05-10 00:37:32,2023-05-10 23:50:43,UTC+01:00,Have any alcoholic drinks?,false,
2023-05-10 00:37:32,2023-05-10 23:50:43,UTC+01:00,Consumed caffeine?,true,
2023-05-10 00:37:32,2023-05-10 23:50:43,UTC+01:00,Avoided processed foods?,true,
2023-05-10 00:37:32,2023-05-10 23:50:43,UTC+01:00,Viewed a screen device in bed?,true,
2023-05-10 00:37:32,2023-05-10 23:50:43,UTC+01:00,Felt energized throughout the day?,true,
2023-05-10 00:37:32,2023-05-10 23:50:43,UTC+01:00,Ate food close to bedtime?,false,
2023-05-10 00:37:32,2023-05-10 23:50:43,UTC+01:00,Feel generally positive about the future?,true,
2023-05-10 00:37:32,2023-05-10 23:50:43,UTC+01:00,Read (non-screened device) while in bed?,true,
2023-05-10 00:37:32,2023-05-10 23:50:43,UTC+01:00,Snacked in between meals?,true,
2023-05-10 00:37:32,2023-05-10 23:50:43,UTC+01:00,Experienced stress?,false,
2023-03-30 22:20:58,2023-03-31 22:01:26,UTC+01:00,Have any alcoholic drinks?,false,
2023-03-30 22:20:58,2023-03-31 22:01:26,UTC+01:00,Consumed caffeine?,true,
2023-03-30 22:20:58,2023-03-31 22:01:26,UTC+01:00,Avoided processed foods?,false,
2023-03-30 22:20:58,2023-03-31 22:01:26,UTC+01:00,Viewed a screen device in bed?,false,
2023-03-30 22:20:58,2023-03-31 22:01:26,UTC+01:00,Felt energized throughout the day?,true,
2023-03-30 22:20:58,2023-03-31 22:01:26,UTC+01:00,Felt recovered?,false,
2023-03-30 22:20:58,2023-03-31 22:01:26,UTC+01:00,Ate food close to bedtime?,false,
2023-03-30 22:20:58,2023-03-31 22:01:26,UTC+01:00,Felt motivated?,true,
2023-03-30 22:20:58,2023-03-31 22:01:26,UTC+01:00,Read (non-screened device) while in bed?,true,
2023-03-30 22:20:58,2023-03-31 22:01:26,UTC+01:00,Snacked in between meals?,false,
2023-03-30 22:20:58,2023-03-31 22:01:26,UTC+01:00,Did Zone 2 cardio?,true,
2023-03-28 22:17:31,2023-03-29 21:59:22,UTC+01:00,Have any alcoholic drinks?,false,
2023-03-28 22:17:31,2023-03-29 21:59:22,UTC+01:00,Consumed caffeine?,true,
2023-03-28 22:17:31,2023-03-29 21:59:22,UTC+01:00,Avoided processed foods?,true,
2023-03-28 22:17:31,2023-03-29 21:59:22,UTC+01:00,Viewed a screen device in bed?,false,
2023-03-28 22:17:31,2023-03-29 21:59:22,UTC+01:00,Felt energized throughout the day?,true,
2023-03-28 22:17:31,2023-03-29 21:59:22,UTC+01:00,Felt recovered?,true,
2023-03-28 22:17:31,2023-03-29 21:59:22,UTC+01:00,Ate food close to bedtime?,false,
2023-03-28 22:17:31,2023-03-29 21:59:22,UTC+01:00,Felt motivated?,true,
2023-03-28 22:17:31,2023-03-29 21:59:22,UTC+01:00,Read (non-screened device) while in bed?,false,
2023-03-28 22:17:31,2023-03-29 21:59:22,UTC+01:00,Snacked in between meals?,false,
2023-03-28 22:17:31,2023-03-29 21:59:22,UTC+01:00,Did Zone 2 cardio?,true,
2023-03-27 21:47:14,2023-03-28 22:17:31,UTC+01:00,Have any alcoholic drinks?,false,
2023-03-27 21:47:14,2023-03-28 22:17:31,UTC+01:00,Consumed caffeine?,true,
2023-03-27 21:47:14,2023-03-28 22:17:31,UTC+01:00,Avoided processed foods?,true,
2023-03-27 21:47:14,2023-03-28 22:17:31,UTC+01:00,Viewed a screen device in bed?,false,
2023-03-27 21:47:14,2023-03-28 22:17:31,UTC+01:00,Felt energized throughout the day?,true,
2023-03-27 21:47:14,2023-03-28 22:17:31,UTC+01:00,Felt recovered?,true,
2023-03-27 21:47:14,2023-03-28 22:17:31,UTC+01:00,Ate food close to bedtime?,false,
2023-03-27 21:47:14,2023-03-28 22:17:31,UTC+01:00,Felt motivated?,false,
2023-03-27 21:47:14,2023-03-28 22:17:31,UTC+01:00,Read (non-screened device) while in bed?,true,
2023-03-27 21:47:14,2023-03-28 22:17:31,UTC+01:00,Snacked in between meals?,false,
2023-03-27 21:47:14,2023-03-28 22:17:31,UTC+01:00,Did Zone 2 cardio?,false,
2023-03-26 22:01:10,2023-03-27 20:47:14,UTCZ,Have any alcoholic drinks?,false,
2023-03-26 22:01:10,2023-03-27 20:47:14,UTCZ,Consumed caffeine?,true,
2023-03-26 22:01:10,2023-03-27 20:47:14,UTCZ,Avoided processed foods?,false,
2023-03-26 22:01:10,2023-03-27 20:47:14,UTCZ,Viewed a screen device in bed?,true,
2023-03-26 22:01:10,2023-03-27 20:47:14,UTCZ,Felt energized throughout the day?,false,
2023-03-26 22:01:10,2023-03-27 20:47:14,UTCZ,Felt recovered?,true,
2023-03-26 22:01:10,2023-03-27 20:47:14,UTCZ,Ate food close to bedtime?,true,
2023-03-26 22:01:10,2023-03-27 20:47:14,UTCZ,Felt motivated?,false,
2023-03-26 22:01:10,2023-03-27 20:47:14,UTCZ,Read (non-screened device) while in bed?,false,
2023-03-26 22:01:10,2023-03-27 20:47:14,UTCZ,Snacked in between meals?,false,
2023-03-26 22:01:10,2023-03-27 20:47:14,UTCZ,Did Zone 2 cardio?,false,
2023-03-25 23:25:40,2023-03-26 22:01:10,UTCZ,Have any alcoholic drinks?,false,
2023-03-25 23:25:40,2023-03-26 22:01:10,UTCZ,Consumed caffeine?,true,
2023-03-25 23:25:40,2023-03-26 22:01:10,UTCZ,Avoided processed foods?,false,
2023-03-25 23:25:40,2023-03-26 22:01:10,UTCZ,Viewed a screen device in bed?,true,
2023-03-25 23:25:40,2023-03-26 22:01:10,UTCZ,Felt energized throughout the day?,false,
2023-03-25 23:25:40,2023-03-26 22:01:10,UTCZ,Felt recovered?,false,
2023-03-25 23:25:40,2023-03-26 22:01:10,UTCZ,Ate food close to bedtime?,true,
2023-03-25 23:25:40,2023-03-26 22:01:10,UTCZ,Felt motivated?,false,
2023-03-25 23:25:40,2023-03-26 22:01:10,UTCZ,Read (non-screened device) while in bed?,false,
2023-03-25 23:25:40,2023-03-26 22:01:10,UTCZ,Snacked in between meals?,false,
2023-03-25 23:25:40,2023-03-26 22:01:10,UTCZ,Did Zone 2 cardio?,false,
2023-03-24 22:35:25,2023-03-25 23:25:40,UTCZ,Have any alcoholic drinks?,false,
2023-03-24 22:35:25,2023-03-25 23:25:40,UTCZ,Consumed caffeine?,true,
2023-03-24 22:35:25,2023-03-25 23:25:40,UTCZ,Avoided processed foods?,false,
2023-03-24 22:35:25,2023-03-25 23:25:40,UTCZ,Viewed a screen device in bed?,true,
2023-03-24 22:35:25,2023-03-25 23:25:40,UTCZ,Felt energized throughout the day?,true,
2023-03-24 22:35:25,2023-03-25 23:25:40,UTCZ,Felt recovered?,false,
2023-03-24 22:35:25,2023-03-25 23:25:40,UTCZ,Ate food close to bedtime?,true,
2023-03-24 22:35:25,2023-03-25 23:25:40,UTCZ,Felt motivated?,true,
2023-03-24 22:35:25,2023-03-25 23:25:40,UTCZ,Read (non-screened device) while in bed?,false,
2023-03-24 22:35:25,2023-03-25 23:25:40,UTCZ,Snacked in between meals?,true,
2023-03-24 22:35:25,2023-03-25 23:25:40,UTCZ,Did Zone 2 cardio?,false,
2023-03-23 23:23:33,2023-03-24 22:35:25,UTCZ,Have any alcoholic drinks?,false,
2023-03-23 23:23:33,2023-03-24 22:35:25,UTCZ,Consumed caffeine?,true,
2023-03-23 23:23:33,2023-03-24 22:35:25,UTCZ,Avoided processed foods?,false,
2023-03-23 23:23:33,2023-03-24 22:35:25,UTCZ,Viewed a screen device in bed?,true,
2023-03-23 23:23:33,2023-03-24 22:35:25,UTCZ,Felt energized throughout the day?,true,
2023-03-23 23:23:33,2023-03-24 22:35:25,UTCZ,Felt recovered?,true,
2023-03-23 23:23:33,2023-03-24 22:35:25,UTCZ,Ate food close to bedtime?,true,
2023-03-23 23:23:33,2023-03-24 22:35:25,UTCZ,Felt motivated?,true,
2023-03-23 23:23:33,2023-03-24 22:35:25,UTCZ,Read (non-screened device) while in bed?,false,
2023-03-23 23:23:33,2023-03-24 22:35:25,UTCZ,Snacked in between meals?,false,
2023-03-23 23:23:33,2023-03-24 22:35:25,UTCZ,Did Zone 2 cardio?,false,
2023-03-21 21:47:49,2023-03-22 23:47:27,UTCZ,Have any alcoholic drinks?,false,
2023-03-21 21:47:49,2023-03-22 23:47:27,UTCZ,Consumed caffeine?,true,
2023-03-21 21:47:49,2023-03-22 23:47:27,UTCZ,Avoided processed foods?,true,
2023-03-21 21:47:49,2023-03-22 23:47:27,UTCZ,Viewed a screen device in bed?,false,
2023-03-21 21:47:49,2023-03-22 23:47:27,UTCZ,Felt energized throughout the day?,true,
2023-03-21 21:47:49,2023-03-22 23:47:27,UTCZ,Felt recovered?,true,
2023-03-21 21:47:49,2023-03-22 23:47:27,UTCZ,Ate food close to bedtime?,false,
2023-03-21 21:47:49,2023-03-22 23:47:27,UTCZ,Felt motivated?,true,
2023-03-21 21:47:49,2023-03-22 23:47:27,UTCZ,Read (non-screened device) while in bed?,true,
2023-03-21 21:47:49,2023-03-22 23:47:27,UTCZ,Snacked in between meals?,false,
2023-03-21 21:47:49,2023-03-22 23:47:27,UTCZ,Did Zone 2 cardio?,false,
2023-03-19 00:00:24,2023-03-19 23:35:25,UTCZ,Have any alcoholic drinks?,false,
2023-03-19 00:00:24,2023-03-19 23:35:25,UTCZ,Consumed caffeine?,true,
2023-03-19 00:00:24,2023-03-19 23:35:25,UTCZ,Avoided processed foods?,true,
2023-03-19 00:00:24,2023-03-19 23:35:25,UTCZ,Viewed a screen device in bed?,true,
2023-03-19 00:00:24,2023-03-19 23:35:25,UTCZ,Felt energized throughout the day?,false,
2023-03-19 00:00:24,2023-03-19 23:35:25,UTCZ,Felt recovered?,false,
2023-03-19 00:00:24,2023-03-19 23:35:25,UTCZ,Ate food close to bedtime?,false,
2023-03-19 00:00:24,2023-03-19 23:35:25,UTCZ,Felt motivated?,false,
2023-03-19 00:00:24,2023-03-19 23:35:25,UTCZ,Read (non-screened device) while in bed?,false,
2023-03-19 00:00:24,2023-03-19 23:35:25,UTCZ,Snacked in between meals?,false,
2023-03-19 00:00:24,2023-03-19 23:35:25,UTCZ,Did Zone 2 cardio?,false,
2023-03-17 22:57:21,2023-03-19 00:00:24,UTCZ,Have any alcoholic drinks?,false,
2023-03-17 22:57:21,2023-03-19 00:00:24,UTCZ,Consumed caffeine?,true,
2023-03-17 22:57:21,2023-03-19 00:00:24,UTCZ,Avoided processed foods?,false,
2023-03-17 22:57:21,2023-03-19 00:00:24,UTCZ,Viewed a screen device in bed?,true,
2023-03-17 22:57:21,2023-03-19 00:00:24,UTCZ,Felt energized throughout the day?,true,
2023-03-17 22:57:21,2023-03-19 00:00:24,UTCZ,Felt recovered?,false,
2023-03-17 22:57:21,2023-03-19 00:00:24,UTCZ,Ate food close to bedtime?,false,
2023-03-17 22:57:21,2023-03-19 00:00:24,UTCZ,Felt motivated?,true,
2023-03-17 22:57:21,2023-03-19 00:00:24,UTCZ,Read (non-screened device) while in bed?,false,
2023-03-17 22:57:21,2023-03-19 00:00:24,UTCZ,Snacked in between meals?,false,
2023-03-17 22:57:21,2023-03-19 00:00:24,UTCZ,Did Zone 2 cardio?,false,
2023-03-16 23:09:57,2023-03-17 22:57:21,UTCZ,Have any alcoholic drinks?,false,
2023-03-16 23:09:57,2023-03-17 22:57:21,UTCZ,Consumed caffeine?,true,
2023-03-16 23:09:57,2023-03-17 22:57:21,UTCZ,Avoided processed foods?,false,
2023-03-16 23:09:57,2023-03-17 22:57:21,UTCZ,Viewed a screen device in bed?,true,
2023-03-16 23:09:57,2023-03-17 22:57:21,UTCZ,Felt energized throughout the day?,false,
2023-03-16 23:09:57,2023-03-17 22:57:21,UTCZ,Felt recovered?,false,
2023-03-16 23:09:57,2023-03-17 22:57:21,UTCZ,Ate food close to bedtime?,false,
2023-03-16 23:09:57,2023-03-17 22:57:21,UTCZ,Felt motivated?,true,
2023-03-16 23:09:57,2023-03-17 22:57:21,UTCZ,Read (non-screened device) while in bed?,false,
2023-03-16 23:09:57,2023-03-17 22:57:21,UTCZ,Snacked in between meals?,false,
2023-03-16 23:09:57,2023-03-17 22:57:21,UTCZ,Did Zone 2 cardio?,false,
2023-03-15 22:32:33,2023-03-16 23:09:57,UTCZ,Have any alcoholic drinks?,false,
2023-03-15 22:32:33,2023-03-16 23:09:57,UTCZ,Consumed caffeine?,true,
2023-03-15 22:32:33,2023-03-16 23:09:57,UTCZ,Avoided processed foods?,true,
2023-03-15 22:32:33,2023-03-16 23:09:57,UTCZ,Viewed a screen device in bed?,false,
2023-03-15 22:32:33,2023-03-16 23:09:57,UTCZ,Felt energized throughout the day?,true,
2023-03-15 22:32:33,2023-03-16 23:09:57,UTCZ,Felt recovered?,true,
2023-03-15 22:32:33,2023-03-16 23:09:57,UTCZ,Ate food close to bedtime?,false,
2023-03-15 22:32:33,2023-03-16 23:09:57,UTCZ,Felt motivated?,true,
2023-03-15 22:32:33,2023-03-16 23:09:57,UTCZ,Read (non-screened device) while in bed?,true,
2023-03-15 22:32:33,2023-03-16 23:09:57,UTCZ,Snacked in between meals?,false,
2023-03-15 22:32:33,2023-03-16 23:09:57,UTCZ,Did Zone 2 cardio?,false,
2023-03-14 22:36:22,2023-03-15 22:32:33,UTCZ,Have any alcoholic drinks?,false,
2023-03-14 22:36:22,2023-03-15 22:32:33,UTCZ,Consumed caffeine?,true,
2023-03-14 22:36:22,2023-03-15 22:32:33,UTCZ,Avoided processed foods?,true,
2023-03-14 22:36:22,2023-03-15 22:32:33,UTCZ,Viewed a screen device in bed?,false,
2023-03-14 22:36:22,2023-03-15 22:32:33,UTCZ,Felt energized throughout the day?,true,
2023-03-14 22:36:22,2023-03-15 22:32:33,UTCZ,Felt you had the resources/skills needed to complete your daily goals?,true,
2023-03-14 22:36:22,2023-03-15 22:32:33,UTCZ,Felt recovered?,true,
2023-03-14 22:36:22,2023-03-15 22:32:33,UTCZ,Ate food close to bedtime?,false,
2023-03-14 22:36:22,2023-03-15 22:32:33,UTCZ,Felt motivated?,true,
2023-03-14 22:36:22,2023-03-15 22:32:33,UTCZ,Read (non-screened device) while in bed?,true,
2023-03-14 22:36:22,2023-03-15 22:32:33,UTCZ,Snacked in between meals?,false,
2023-03-14 22:36:22,2023-03-15 22:32:33,UTCZ,Did Zone 2 cardio?,false,
2023-03-13 21:20:10,2023-03-14 22:36:22,UTCZ,Have any alcoholic drinks?,false,
2023-03-13 21:20:10,2023-03-14 22:36:22,UTCZ,Consumed caffeine?,true,
2023-03-13 21:20:10,2023-03-14 22:36:22,UTCZ,Avoided processed foods?,false,
2023-03-13 21:20:10,2023-03-14 22:36:22,UTCZ,Viewed a screen device in bed?,false,
2023-03-13 21:20:10,2023-03-14 22:36:22,UTCZ,Felt energized throughout the day?,false,
2023-03-13 21:20:10,2023-03-14 22:36:22,UTCZ,Felt you had the resources/skills needed to complete your daily goals?,true,
2023-03-13 21:20:10,2023-03-14 22:36:22,UTCZ,Felt recovered?,true,
2023-03-13 21:20:10,2023-03-14 22:36:22,UTCZ,Ate food close to bedtime?,false,
2023-03-13 21:20:10,2023-03-14 22:36:22,UTCZ,Felt motivated?,true,
2023-03-13 21:20:10,2023-03-14 22:36:22,UTCZ,Read (non-screened device) while in bed?,true,
2023-03-13 21:20:10,2023-03-14 22:36:22,UTCZ,Snacked in between meals?,false,
2023-03-13 21:20:10,2023-03-14 22:36:22,UTCZ,Did Zone 2 cardio?,true,
2022-11-02 22:38:19,2022-11-03 22:52:18,UTCZ,Have any alcoholic drinks?,false,
2022-11-02 22:38:19,2022-11-03 22:52:18,UTCZ,Consumed caffeine?,true,
2022-11-02 22:38:19,2022-11-03 22:52:18,UTCZ,Felt recovered?,true,
2022-11-02 22:38:19,2022-11-03 22:52:18,UTCZ,Ate food close to bedtime?,false,
2022-11-02 22:38:19,2022-11-03 22:52:18,UTCZ,Read (non-screened device) while in bed?,false,
2022-11-01 22:17:13,2022-11-02 22:38:19,UTCZ,Have any alcoholic drinks?,false,
2022-11-01 22:17:13,2022-11-02 22:38:19,UTCZ,Consumed caffeine?,true,
2022-11-01 22:17:13,2022-11-02 22:38:19,UTCZ,Felt recovered?,true,
2022-11-01 22:17:13,2022-11-02 22:38:19,UTCZ,Ate food close to bedtime?,false,
2022-11-01 22:17:13,2022-11-02 22:38:19,UTCZ,Read (non-screened device) while in bed?,false,
2022-10-31 22:12:28,2022-11-01 22:17:13,UTCZ,Have any alcoholic drinks?,false,
2022-10-31 22:12:28,2022-11-01 22:17:13,UTCZ,Consumed caffeine?,true,
2022-10-31 22:12:28,2022-11-01 22:17:13,UTCZ,Felt recovered?,true,
2022-10-31 22:12:28,2022-11-01 22:17:13,UTCZ,Ate food close to bedtime?,false,
2022-10-31 22:12:28,2022-11-01 22:17:13,UTCZ,Read (non-screened device) while in bed?,false,
2022-10-30 23:14:59,2022-10-31 22:12:28,UTCZ,Have any alcoholic drinks?,false,
2022-10-30 23:14:59,2022-10-31 22:12:28,UTCZ,Consumed caffeine?,true,
2022-10-30 23:14:59,2022-10-31 22:12:28,UTCZ,Felt recovered?,true,
2022-10-30 23:14:59,2022-10-31 22:12:28,UTCZ,Ate food close to bedtime?,false,
2022-10-30 23:14:59,2022-10-31 22:12:28,UTCZ,Read (non-screened device) while in bed?,true,
2022-10-26 23:51:43,2022-10-28 00:11:36,UTC+01:00,Have any alcoholic drinks?,false,
2022-10-26 23:51:43,2022-10-28 00:11:36,UTC+01:00,Consumed caffeine?,true,
2022-10-26 23:51:43,2022-10-28 00:11:36,UTC+01:00,Felt recovered?,false,
2022-10-26 23:51:43,2022-10-28 00:11:36,UTC+01:00,Ate food close to bedtime?,true,
2022-10-26 23:51:43,2022-10-28 00:11:36,UTC+01:00,Read (non-screened device) while in bed?,true,
2022-10-25 23:26:28,2022-10-26 23:51:43,UTC+01:00,Have any alcoholic drinks?,true,
2022-10-25 23:26:28,2022-10-26 23:51:43,UTC+01:00,Consumed caffeine?,true,
2022-10-25 23:26:28,2022-10-26 23:51:43,UTC+01:00,Felt recovered?,true,
2022-10-25 23:26:28,2022-10-26 23:51:43,UTC+01:00,Ate food close to bedtime?,false,
2022-10-25 23:26:28,2022-10-26 23:51:43,UTC+01:00,Read (non-screened device) while in bed?,false,
2022-10-24 22:27:38,2022-10-25 23:26:28,UTC+01:00,Have any alcoholic drinks?,false,
2022-10-24 22:27:38,2022-10-25 23:26:28,UTC+01:00,Consumed caffeine?,true,
2022-10-24 22:27:38,2022-10-25 23:26:28,UTC+01:00,Felt recovered?,true,
2022-10-24 22:27:38,2022-10-25 23:26:28,UTC+01:00,Ate food close to bedtime?,false,
2022-10-24 22:27:38,2022-10-25 23:26:28,UTC+01:00,Read (non-screened device) while in bed?,false,
2022-10-24 00:02:49,2022-10-24 22:27:38,UTC+01:00,Have any alcoholic drinks?,false,
2022-10-24 00:02:49,2022-10-24 22:27:38,UTC+01:00,Consumed caffeine?,true,
2022-10-24 00:02:49,2022-10-24 22:27:38,UTC+01:00,Felt recovered?,false,
2022-10-24 00:02:49,2022-10-24 22:27:38,UTC+01:00,Ate food close to bedtime?,false,
2022-10-24 00:02:49,2022-10-24 22:27:38,UTC+01:00,Read (non-screened device) while in bed?,true,
2022-10-22 01:41:23,2022-10-22 23:37:41,UTC+01:00,Have any alcoholic drinks?,true,
2022-10-22 01:41:23,2022-10-22 23:37:41,UTC+01:00,Consumed caffeine?,true,
2022-10-22 01:41:23,2022-10-22 23:37:41,UTC+01:00,Felt recovered?,false,
2022-10-22 01:41:23,2022-10-22 23:37:41,UTC+01:00,Ate food close to bedtime?,true,
2022-10-22 01:41:23,2022-10-22 23:37:41,UTC+01:00,Read (non-screened device) while in bed?,true,
2022-10-20 22:11:46,2022-10-22 01:41:23,UTC+01:00,Have any alcoholic drinks?,false,
2022-10-20 22:11:46,2022-10-22 01:41:23,UTC+01:00,Consumed caffeine?,true,
2022-10-20 22:11:46,2022-10-22 01:41:23,UTC+01:00,Felt recovered?,true,
2022-10-20 22:11:46,2022-10-22 01:41:23,UTC+01:00,Ate food close to bedtime?,false,
2022-10-20 22:11:46,2022-10-22 01:41:23,UTC+01:00,Read (non-screened device) while in bed?,false,
2022-10-19 22:04:37,2022-10-20 22:11:46,UTC+01:00,Have any alcoholic drinks?,false,
2022-10-19 22:04:37,2022-10-20 22:11:46,UTC+01:00,Consumed caffeine?,true,
2022-10-19 22:04:37,2022-10-20 22:11:46,UTC+01:00,Felt recovered?,true,
2022-10-19 22:04:37,2022-10-20 22:11:46,UTC+01:00,Ate food close to bedtime?,false,
2022-10-19 22:04:37,2022-10-20 22:11:46,UTC+01:00,Read (non-screened device) while in bed?,false,
2022-10-18 22:33:43,2022-10-19 22:04:37,UTC+01:00,Have any alcoholic drinks?,false,
2022-10-18 22:33:43,2022-10-19 22:04:37,UTC+01:00,Consumed caffeine?,true,
2022-10-18 22:33:43,2022-10-19 22:04:37,UTC+01:00,Felt recovered?,true,
2022-10-18 22:33:43,2022-10-19 22:04:37,UTC+01:00,Ate food close to bedtime?,false,
2022-10-18 22:33:43,2022-10-19 22:04:37,UTC+01:00,Read (non-screened device) while in bed?,false,
2022-10-17 22:22:40,2022-10-18 22:33:43,UTC+01:00,Have any alcoholic drinks?,false,
2022-10-17 22:22:40,2022-10-18 22:33:43,UTC+01:00,Consumed caffeine?,true,
2022-10-17 22:22:40,2022-10-18 22:33:43,UTC+01:00,Felt recovered?,true,
2022-10-17 22:22:40,2022-10-18 22:33:43,UTC+01:00,Ate food close to bedtime?,false,
2022-10-17 22:22:40,2022-10-18 22:33:43,UTC+01:00,Read (non-screened device) while in bed?,false,
2022-10-16 21:34:38,2022-10-17 22:22:40,UTC+01:00,Have any alcoholic drinks?,false,
2022-10-16 21:34:38,2022-10-17 22:22:40,UTC+01:00,Consumed caffeine?,true,
2022-10-16 21:34:38,2022-10-17 22:22:40,UTC+01:00,Felt recovered?,false,
2022-10-16 21:34:38,2022-10-17 22:22:40,UTC+01:00,Ate food close to bedtime?,false,
2022-10-16 21:34:38,2022-10-17 22:22:40,UTC+01:00,Read (non-screened device) while in bed?,true,
2022-10-16 02:12:51,2022-10-16 21:34:38,UTC+01:00,Have any alcoholic drinks?,true,
2022-10-16 02:12:51,2022-10-16 21:34:38,UTC+01:00,Consumed caffeine?,true,
2022-10-16 02:12:51,2022-10-16 21:34:38,UTC+01:00,Felt recovered?,false,
2022-10-16 02:12:51,2022-10-16 21:34:38,UTC+01:00,Ate food close to bedtime?,true,
2022-10-16 02:12:51,2022-10-16 21:34:38,UTC+01:00,Read (non-screened device) while in bed?,true,
2022-10-14 01:18:14,2022-10-14 23:51:22,UTC+01:00,Have any alcoholic drinks?,false,
2022-10-14 01:18:14,2022-10-14 23:51:22,UTC+01:00,Consumed caffeine?,true,
2022-10-14 01:18:14,2022-10-14 23:51:22,UTC+01:00,Felt recovered?,false,
2022-10-14 01:18:14,2022-10-14 23:51:22,UTC+01:00,Ate food close to bedtime?,false,
2022-10-14 01:18:14,2022-10-14 23:51:22,UTC+01:00,Read (non-screened device) while in bed?,true,
2022-10-11 22:28:02,2022-10-12 22:06:41,UTC+01:00,Have any alcoholic drinks?,false,
2022-10-11 22:28:02,2022-10-12 22:06:41,UTC+01:00,Consumed caffeine?,true,
2022-10-11 22:28:02,2022-10-12 22:06:41,UTC+01:00,Felt recovered?,false,
2022-10-11 22:28:02,2022-10-12 22:06:41,UTC+01:00,Ate food close to bedtime?,false,
2022-10-11 22:28:02,2022-10-12 22:06:41,UTC+01:00,Read (non-screened device) while in bed?,true,
